[
  {
    "coursekey": "TorreySouth",
    "Name": "Torrey South",
    "ElevationInFeet": 105,
    "DownloadURL": "http://localhost:3010/torrey_pines_south_v3_gsp.zip",
    "DownloadURL2": "http://localhost:3010/torrey_pines_south_v3_gsp.zip",
    "DownloadURL3": "http://localhost:3010/torrey_pines_south_v3_gsp.zip",
    "RemoteVersion": "3",
    "LastUpdated": "2023-07-27",
    "CourseLocation": "La Jolla, CA",
    "CourseDesigner": "Johnmeyer",
    "Par": 72,
    "KidFriendly": "true",
    "CourseFolder": "torrey_pines_south_v3_gsp",
    "GKDVersion": "2",
    "GKDDownloadURL": "http://localhost:3010/torrey_pines_south_v3_gkd.zip",
    "MetaDataRemoteVersion": "1",
    "MetaDataDownloadURL": null,
    "Images": "[]",
    "Videos": "[]",
    "remoteThumbnailImage": null,
    "KeywordBeginnerFriendly": null,
    "KeywordCoastal": null,
    "KeywordDesert": null,
    "KeywordFantasy": null,
    "KeywordHeathland": null,
    "KeywordHistoric": null,
    "KeywordLinks": null,
    "KeywordLowPoly": null,
    "KeywordMajorVenue": null,
    "KeywordMountain": null,
    "KeywordParkland": null,
    "KeywordTourStop": null,
    "KeywordTraining": null,
    "KeywordTropical": null
  },
  {
    "coursekey": "KiawahOceanCourse",
    "Name": "Kiawah Ocean Course",
    "ElevationInFeet": 13,
    "DownloadURL": "http://localhost:3010/kiawah.zip",
    "DownloadURL2": "http://localhost:3010/kiawah.zip",
    "DownloadURL3": "http://localhost:3010/kiawah.zip",
    "RemoteVersion": "1",
    "LastUpdated": "2021-05-24",
    "CourseLocation": "Kiawah Island, SC",
    "CourseDesigner": "DPRoberts",
    "Par": 72,
    "KidFriendly": "true",
    "CourseFolder": "kiawah_b_01_gsp",
    "GKDVersion": "2",
    "GKDDownloadURL": "http://localhost:3010/kiawah_gkd.zip",
    "MetaDataRemoteVersion": "1",
    "MetaDataDownloadURL": null,
    "Images": "[]",
    "Videos": "[]",
    "remoteThumbnailImage": "",
    "KeywordBeginnerFriendly": null,
    "KeywordCoastal": null,
    "KeywordDesert": null,
    "KeywordFantasy": null,
    "KeywordHeathland": null,
    "KeywordHistoric": null,
    "KeywordLinks": null,
    "KeywordLowPoly": null,
    "KeywordMajorVenue": null,
    "KeywordMountain": null,
    "KeywordParkland": null,
    "KeywordTourStop": null,
    "KeywordTraining": null,
    "KeywordTropical": null
  },
  {
    "coursekey": "Ballyneal",
    "Name": "Ballyneal",
    "ElevationInFeet": 3750,
    "DownloadURL": "http://localhost:3010/ballyneal.zip",
    "DownloadURL2": "http://localhost:3010/ballyneal.zip",
    "DownloadURL3": "http://localhost:3010/ballyneal.zip",
    "RemoteVersion": "2",
    "LastUpdated": "2022-01-24",
    "CourseLocation": "Holyoke, CO",
    "CourseDesigner": "jcolton31",
    "Par": 71,
    "KidFriendly": "true",
    "CourseFolder": "ballyneal_v1_gsp",
    "GKDVersion": "2",
    "GKDDownloadURL": "https://dkfomfzm5un6c.cloudfront.net/ballyneal_v1_gsp.zip",
    "MetaDataRemoteVersion": "1",
    "MetaDataDownloadURL": null,
    "Images": "[]",
    "Videos": "[]",
    "remoteThumbnailImage": "https://www.dropbox.com/s/amcra9ltuqgzc2v/coursesplash1_16.jpg?dl=1",
    "KeywordBeginnerFriendly": null,
    "KeywordCoastal": null,
    "KeywordDesert": null,
    "KeywordFantasy": null,
    "KeywordHeathland": null,
    "KeywordHistoric": null,
    "KeywordLinks": null,
    "KeywordLowPoly": null,
    "KeywordMajorVenue": null,
    "KeywordMountain": null,
    "KeywordParkland": null,
    "KeywordTourStop": null,
    "KeywordTraining": null,
    "KeywordTropical": null
  },
  {
    "coursekey": "BandonDunes",
    "Name": "Bandon Dunes",
    "ElevationInFeet": 20,
    "DownloadURL": "http://localhost:3010/bandon.zip",
    "DownloadURL2": "http://localhost:3010/bandon.zip",
    "DownloadURL3": "http://localhost:3010/bandon.zip",
    "RemoteVersion": "3",
    "LastUpdated": "2022-11-17",
    "CourseLocation": "Bandon, OR",
    "CourseDesigner": "Johnmeyer",
    "Par": 72,
    "KidFriendly": "true",
    "CourseFolder": "bandon_v2_gsp",
    "GKDVersion": "2",
    "GKDDownloadURL": "https://dkfomfzm5un6c.cloudfront.net/bandon_v2_gsp.zip",
    "MetaDataRemoteVersion": "1",
    "MetaDataDownloadURL": null,
    "Images": "[]",
    "Videos": "[]",
    "remoteThumbnailImage": "https://www.dropbox.com/s/0z7nic3tqa4obzp/coursesplash1_20.jpg?dl=1",
    "KeywordBeginnerFriendly": null,
    "KeywordCoastal": null,
    "KeywordDesert": null,
    "KeywordFantasy": null,
    "KeywordHeathland": null,
    "KeywordHistoric": null,
    "KeywordLinks": null,
    "KeywordLowPoly": null,
    "KeywordMajorVenue": null,
    "KeywordMountain": null,
    "KeywordParkland": null,
    "KeywordTourStop": null,
    "KeywordTraining": null,
    "KeywordTropical": null
  },
  {
    "coursekey": "BearMountain",
    "Name": "Bear Mountain",
    "ElevationInFeet": 3875,
    "DownloadURL": "http://localhost:3010/bearmountain.zip",
    "DownloadURL2": "http://localhost:3010/bearmountain.zip",
    "DownloadURL3": "http://localhost:3010/bearmountain.zip",
    "RemoteVersion": "1",
    "LastUpdated": "2021-05-18",
    "CourseLocation": "Bear Mountain, Canada",
    "CourseDesigner": " ",
    "Par": 71,
    "KidFriendly": "true",
    "CourseFolder": "bear_mountain_v_3_gsp",
    "GKDVersion": "2",
    "GKDDownloadURL": "https://dkfomfzm5un6c.cloudfront.net/bear_mountain_v_3_gsp.zip",
    "MetaDataRemoteVersion": "1",
    "MetaDataDownloadURL": null,
    "Images": "[]",
    "Videos": "[]",
    "remoteThumbnailImage": "https://www.dropbox.com/s/1gl485gy9cpel7r/coursesplash1_26.jpg?dl=1",
    "KeywordBeginnerFriendly": null,
    "KeywordCoastal": null,
    "KeywordDesert": null,
    "KeywordFantasy": null,
    "KeywordHeathland": null,
    "KeywordHistoric": null,
    "KeywordLinks": null,
    "KeywordLowPoly": null,
    "KeywordMajorVenue": null,
    "KeywordMountain": null,
    "KeywordParkland": null,
    "KeywordTourStop": null,
    "KeywordTraining": null,
    "KeywordTropical": null
  }
]